{
	"1": {
		"1": {
			"id": "nfAqTSjMBJk",
			"playAt": 1723646897,
			"duration": 1957
		},
		"2": {
			"id": "mMaBVfIedFw",
			"playAt": 1723648854,
			"duration": 1512
		},
		"3": {
			"id": "dtiLxLrzjOQ",
			"playAt": 1723650366,
			"duration": 1994
		},
		"4": {
			"id": "qpuQCGuI41Y",
			"playAt": 1723652360,
			"duration": 585
		},
		"5": {
			"id": "vjqt8T3tJIE",
			"playAt": 1723652945,
			"duration": 1374
		},
		"6": {
			"id": "71eUes30gwc",
			"playAt": 1723654319,
			"duration": 704
		},
		"7": {
			"id": "opg6RO9cYnk",
			"playAt": 1723655023,
			"duration": 647
		},
		"8": {
			"id": "_cAl3FlQZ9Q",
			"playAt": 1723655670,
			"duration": 1169
		},
		"9": {
			"id": "fXW-QjBsruE",
			"playAt": 1723656839,
			"duration": 2274
		},
		"10": {
			"id": "HR2C_7G_yRQ",
			"playAt": 1723659113,
			"duration": 603
		},
		"11": {
			"id": "e3fz3dqhN44",
			"playAt": 1723659716,
			"duration": 1093
		},
		"12": {
			"id": "ccO0_hSXMyM",
			"playAt": 1723660809,
			"duration": 690
		},
		"13": {
			"id": "zHL9GP_B30E",
			"playAt": 1723661499,
			"duration": 1868
		},
		"14": {
			"id": "f8CXG7dS-D0",
			"playAt": 1723663367,
			"duration": 1617
		},
		"15": {
			"id": "Xd9UZSodeN8",
			"playAt": 1723664984,
			"duration": 866
		},
		"16": {
			"id": "Zv0myuOFIeY",
			"playAt": 1723665850,
			"duration": 725
		},
		"17": {
			"id": "pfIWxFIVP_Y",
			"playAt": 1723666575,
			"duration": 1009
		},
		"18": {
			"id": "YX40hbAHx3s",
			"playAt": 1723667584,
			"duration": 644
		},
		"19": {
			"id": "cRZOUcpiOxY",
			"playAt": 1723668228,
			"duration": 780
		},
		"20": {
			"id": "vMehbbPpIL4",
			"playAt": 1723669008,
			"duration": 758
		},
		"21": {
			"id": "Hqh_fiOmiRo",
			"playAt": 1723669766,
			"duration": 651
		},
		"22": {
			"id": "XB5xuAhrkWE",
			"playAt": 1723670417,
			"duration": 1507
		},
		"23": {
			"id": "o0A9M5wHBA4",
			"playAt": 1723671924,
			"duration": 1875
		},
		"24": {
			"id": "FerFv7BZAwo",
			"playAt": 1723673799,
			"duration": 1575
		},
		"25": {
			"id": "GFLb5h2O2Ww",
			"playAt": 1723675374,
			"duration": 653
		},
		"26": {
			"id": "ZJqmyLCfA-I",
			"playAt": 1723676027,
			"duration": 737
		},
		"27": {
			"id": "MesBw3gF6Vs",
			"playAt": 1723676764,
			"duration": 1524
		},
		"28": {
			"id": "wj0kCr5bXGQ",
			"playAt": 1723678288,
			"duration": 864
		},
		"29": {
			"id": "l2wnqlcOL9A",
			"playAt": 1723679152,
			"duration": 980
		},
		"30": {
			"id": "nfAqTSjMBJk",
			"playAt": 1723680132,
			"duration": 1957
		},
		"31": {
			"id": "mMaBVfIedFw",
			"playAt": 1723682089,
			"duration": 1512
		},
		"32": {
			"id": "dtiLxLrzjOQ",
			"playAt": 1723683601,
			"duration": 1994
		},
		"33": {
			"id": "qpuQCGuI41Y",
			"playAt": 1723685595,
			"duration": 585
		},
		"34": {
			"id": "vjqt8T3tJIE",
			"playAt": 1723686180,
			"duration": 1374
		},
		"35": {
			"id": "71eUes30gwc",
			"playAt": 1723687554,
			"duration": 704
		},
		"36": {
			"id": "opg6RO9cYnk",
			"playAt": 1723688258,
			"duration": 647
		},
		"37": {
			"id": "_cAl3FlQZ9Q",
			"playAt": 1723688905,
			"duration": 1169
		},
		"38": {
			"id": "fXW-QjBsruE",
			"playAt": 1723690074,
			"duration": 2274
		},
		"39": {
			"id": "HR2C_7G_yRQ",
			"playAt": 1723692348,
			"duration": 603
		},
		"40": {
			"id": "e3fz3dqhN44",
			"playAt": 1723692951,
			"duration": 1093
		},
		"41": {
			"id": "ccO0_hSXMyM",
			"playAt": 1723694044,
			"duration": 690
		},
		"42": {
			"id": "zHL9GP_B30E",
			"playAt": 1723694734,
			"duration": 1868
		},
		"43": {
			"id": "f8CXG7dS-D0",
			"playAt": 1723696602,
			"duration": 1617
		},
		"44": {
			"id": "Xd9UZSodeN8",
			"playAt": 1723698219,
			"duration": 866
		},
		"45": {
			"id": "Zv0myuOFIeY",
			"playAt": 1723699085,
			"duration": 725
		},
		"46": {
			"id": "pfIWxFIVP_Y",
			"playAt": 1723699810,
			"duration": 1009
		},
		"47": {
			"id": "YX40hbAHx3s",
			"playAt": 1723700819,
			"duration": 644
		},
		"48": {
			"id": "cRZOUcpiOxY",
			"playAt": 1723701463,
			"duration": 780
		},
		"49": {
			"id": "vMehbbPpIL4",
			"playAt": 1723702243,
			"duration": 758
		},
		"50": {
			"id": "Hqh_fiOmiRo",
			"playAt": 1723703001,
			"duration": 651
		},
		"51": {
			"id": "l2wnqlcOL9A",
			"playAt": 1723703652,
			"duration": 980
		}
	},
	"2": {
		"1": {
			"id": "d1S2qRypcxA",
			"playAt": 1723646487,
			"duration": 2427
		},
		"2": {
			"id": "NMLuMzL-HzU",
			"playAt": 1723648914,
			"duration": 2344
		},
		"3": {
			"id": "umh12LFsGyk",
			"playAt": 1723651258,
			"duration": 2264
		},
		"4": {
			"id": "cPrDYzUSNV4",
			"playAt": 1723653522,
			"duration": 4148
		},
		"5": {
			"id": "VI-h2tKG_iQ",
			"playAt": 1723657670,
			"duration": 4175
		},
		"6": {
			"id": "4djWY3UcjFY",
			"playAt": 1723661845,
			"duration": 1573
		},
		"7": {
			"id": "MXYUNC84n5M",
			"playAt": 1723663418,
			"duration": 2801
		},
		"8": {
			"id": "mBsNFJggtek",
			"playAt": 1723666219,
			"duration": 1799
		},
		"9": {
			"id": "tUHpoisnP4k",
			"playAt": 1723668018,
			"duration": 4842
		},
		"10": {
			"id": "d1S2qRypcxA",
			"playAt": 1723672860,
			"duration": 2427
		},
		"11": {
			"id": "NMLuMzL-HzU",
			"playAt": 1723675287,
			"duration": 2344
		},
		"12": {
			"id": "umh12LFsGyk",
			"playAt": 1723677631,
			"duration": 2264
		},
		"13": {
			"id": "cPrDYzUSNV4",
			"playAt": 1723679895,
			"duration": 4148
		},
		"14": {
			"id": "VI-h2tKG_iQ",
			"playAt": 1723684043,
			"duration": 4175
		},
		"15": {
			"id": "4djWY3UcjFY",
			"playAt": 1723688218,
			"duration": 1573
		},
		"16": {
			"id": "MXYUNC84n5M",
			"playAt": 1723689791,
			"duration": 2801
		},
		"17": {
			"id": "mBsNFJggtek",
			"playAt": 1723692592,
			"duration": 1799
		},
		"18": {
			"id": "tUHpoisnP4k",
			"playAt": 1723694391,
			"duration": 4842
		},
		"19": {
			"id": "d1S2qRypcxA",
			"playAt": 1723699233,
			"duration": 2427
		},
		"20": {
			"id": "NMLuMzL-HzU",
			"playAt": 1723701660,
			"duration": 2344
		},
		"21": {
			"id": "umh12LFsGyk",
			"playAt": 1723704004,
			"duration": 2264
		},
		"22": {
			"id": "cPrDYzUSNV4",
			"playAt": 1723706268,
			"duration": 4148
		},
		"23": {
			"id": "VI-h2tKG_iQ",
			"playAt": 1723710416,
			"duration": 4175
		},
		"24": {
			"id": "4djWY3UcjFY",
			"playAt": 1723714591,
			"duration": 1573
		},
		"25": {
			"id": "tUHpoisnP4k",
			"playAt": 1723716164,
			"duration": 4842
		}
	},
	"3": {
		"1": {
			"id": "f6svEozRWpc",
			"playAt": 1723646317,
			"duration": 999
		},
		"2": {
			"id": "8IcE3ODtUK4",
			"playAt": 1723647316,
			"duration": 2287
		},
		"3": {
			"id": "u8KiDP6cjd8",
			"playAt": 1723649603,
			"duration": 1226
		},
		"4": {
			"id": "FayMEDcw9eQ",
			"playAt": 1723650829,
			"duration": 1654
		},
		"5": {
			"id": "eyHPuYpetbg",
			"playAt": 1723652483,
			"duration": 1067
		},
		"6": {
			"id": "uPMgVXyK_BQ",
			"playAt": 1723653550,
			"duration": 780
		},
		"7": {
			"id": "7HxUb09N8q4",
			"playAt": 1723654330,
			"duration": 1638
		},
		"8": {
			"id": "EJKw2q_4p2k",
			"playAt": 1723655968,
			"duration": 1080
		},
		"9": {
			"id": "PXco1fwVPd0",
			"playAt": 1723657048,
			"duration": 911
		},
		"10": {
			"id": "OSLGbBwDPvE",
			"playAt": 1723657959,
			"duration": 808
		},
		"11": {
			"id": "RcoWBNvpq4E",
			"playAt": 1723658767,
			"duration": 559
		},
		"12": {
			"id": "PrhuHgAzczs",
			"playAt": 1723659326,
			"duration": 1010
		},
		"13": {
			"id": "XSTijk37WAo",
			"playAt": 1723660336,
			"duration": 767
		},
		"14": {
			"id": "RUqhwNRifgY",
			"playAt": 1723661103,
			"duration": 2179
		},
		"15": {
			"id": "eBgHjbHM-Z0",
			"playAt": 1723663282,
			"duration": 574
		},
		"16": {
			"id": "KnxvsPh4NJQ",
			"playAt": 1723663856,
			"duration": 873
		},
		"17": {
			"id": "bRRENbf2uEo",
			"playAt": 1723664729,
			"duration": 900
		},
		"18": {
			"id": "BdBc5ExN_f4",
			"playAt": 1723665629,
			"duration": 1018
		},
		"19": {
			"id": "0JOWQE9IJo4",
			"playAt": 1723666647,
			"duration": 905
		},
		"20": {
			"id": "0Zai0YwMK5g",
			"playAt": 1723667552,
			"duration": 1304
		},
		"21": {
			"id": "mTztlpAcips",
			"playAt": 1723668856,
			"duration": 699
		},
		"22": {
			"id": "uU7-EqvZG6A",
			"playAt": 1723669555,
			"duration": 838
		},
		"23": {
			"id": "RpsOW3NjXvQ",
			"playAt": 1723670393,
			"duration": 635
		},
		"24": {
			"id": "_a3DCzZ2cmQ",
			"playAt": 1723671028,
			"duration": 865
		},
		"25": {
			"id": "LFLLEsoX_ZM",
			"playAt": 1723671893,
			"duration": 866
		},
		"26": {
			"id": "f6svEozRWpc",
			"playAt": 1723672759,
			"duration": 999
		},
		"27": {
			"id": "8IcE3ODtUK4",
			"playAt": 1723673758,
			"duration": 2287
		},
		"28": {
			"id": "u8KiDP6cjd8",
			"playAt": 1723676045,
			"duration": 1226
		},
		"29": {
			"id": "FayMEDcw9eQ",
			"playAt": 1723677271,
			"duration": 1654
		},
		"30": {
			"id": "eyHPuYpetbg",
			"playAt": 1723678925,
			"duration": 1067
		},
		"31": {
			"id": "uPMgVXyK_BQ",
			"playAt": 1723679992,
			"duration": 780
		},
		"32": {
			"id": "7HxUb09N8q4",
			"playAt": 1723680772,
			"duration": 1638
		},
		"33": {
			"id": "EJKw2q_4p2k",
			"playAt": 1723682410,
			"duration": 1080
		},
		"34": {
			"id": "PXco1fwVPd0",
			"playAt": 1723683490,
			"duration": 911
		},
		"35": {
			"id": "OSLGbBwDPvE",
			"playAt": 1723684401,
			"duration": 808
		},
		"36": {
			"id": "RcoWBNvpq4E",
			"playAt": 1723685209,
			"duration": 559
		},
		"37": {
			"id": "PrhuHgAzczs",
			"playAt": 1723685768,
			"duration": 1010
		},
		"38": {
			"id": "XSTijk37WAo",
			"playAt": 1723686778,
			"duration": 767
		},
		"39": {
			"id": "RUqhwNRifgY",
			"playAt": 1723687545,
			"duration": 2179
		},
		"40": {
			"id": "eBgHjbHM-Z0",
			"playAt": 1723689724,
			"duration": 574
		},
		"41": {
			"id": "KnxvsPh4NJQ",
			"playAt": 1723690298,
			"duration": 873
		},
		"42": {
			"id": "bRRENbf2uEo",
			"playAt": 1723691171,
			"duration": 900
		},
		"43": {
			"id": "BdBc5ExN_f4",
			"playAt": 1723692071,
			"duration": 1018
		},
		"44": {
			"id": "0JOWQE9IJo4",
			"playAt": 1723693089,
			"duration": 905
		},
		"45": {
			"id": "0Zai0YwMK5g",
			"playAt": 1723693994,
			"duration": 1304
		},
		"46": {
			"id": "mTztlpAcips",
			"playAt": 1723695298,
			"duration": 699
		},
		"47": {
			"id": "uU7-EqvZG6A",
			"playAt": 1723695997,
			"duration": 838
		},
		"48": {
			"id": "RpsOW3NjXvQ",
			"playAt": 1723696835,
			"duration": 635
		},
		"49": {
			"id": "_a3DCzZ2cmQ",
			"playAt": 1723697470,
			"duration": 865
		},
		"50": {
			"id": "LFLLEsoX_ZM",
			"playAt": 1723698335,
			"duration": 866
		},
		"51": {
			"id": "f6svEozRWpc",
			"playAt": 1723699201,
			"duration": 999
		},
		"52": {
			"id": "8IcE3ODtUK4",
			"playAt": 1723700200,
			"duration": 2287
		},
		"53": {
			"id": "u8KiDP6cjd8",
			"playAt": 1723702487,
			"duration": 1226
		},
		"54": {
			"id": "FayMEDcw9eQ",
			"playAt": 1723703713,
			"duration": 1654
		},
		"55": {
			"id": "eyHPuYpetbg",
			"playAt": 1723705367,
			"duration": 1067
		},
		"56": {
			"id": "uPMgVXyK_BQ",
			"playAt": 1723706434,
			"duration": 780
		},
		"57": {
			"id": "7HxUb09N8q4",
			"playAt": 1723707214,
			"duration": 1638
		},
		"58": {
			"id": "EJKw2q_4p2k",
			"playAt": 1723708852,
			"duration": 1080
		},
		"59": {
			"id": "PXco1fwVPd0",
			"playAt": 1723709932,
			"duration": 911
		},
		"60": {
			"id": "OSLGbBwDPvE",
			"playAt": 1723710843,
			"duration": 808
		},
		"61": {
			"id": "RcoWBNvpq4E",
			"playAt": 1723711651,
			"duration": 559
		},
		"62": {
			"id": "PrhuHgAzczs",
			"playAt": 1723712210,
			"duration": 1010
		},
		"63": {
			"id": "XSTijk37WAo",
			"playAt": 1723713220,
			"duration": 767
		},
		"64": {
			"id": "RUqhwNRifgY",
			"playAt": 1723713987,
			"duration": 2179
		},
		"65": {
			"id": "eBgHjbHM-Z0",
			"playAt": 1723716166,
			"duration": 574
		},
		"66": {
			"id": "KnxvsPh4NJQ",
			"playAt": 1723716740,
			"duration": 873
		},
		"67": {
			"id": "LFLLEsoX_ZM",
			"playAt": 1723717613,
			"duration": 866
		}
	},
	"4": {
		"1": {
			"id": "01QgNRm2OYg",
			"playAt": 1723644294,
			"duration": 2934
		},
		"2": {
			"id": "yK9HYgdoCec",
			"playAt": 1723647228,
			"duration": 482
		},
		"3": {
			"id": "7w6wAync-2Q",
			"playAt": 1723647710,
			"duration": 330
		},
		"4": {
			"id": "bEt1DM55E80",
			"playAt": 1723648040,
			"duration": 591
		},
		"5": {
			"id": "Dm4fZW9OwDo",
			"playAt": 1723648631,
			"duration": 659
		},
		"6": {
			"id": "-yFf5Ot-3T0",
			"playAt": 1723649290,
			"duration": 540
		},
		"7": {
			"id": "zrqqrQmeQS4",
			"playAt": 1723649830,
			"duration": 744
		},
		"8": {
			"id": "idJthveed1M",
			"playAt": 1723650574,
			"duration": 1519
		},
		"9": {
			"id": "33ovUNoR_j0",
			"playAt": 1723652093,
			"duration": 351
		},
		"10": {
			"id": "GB3v4iD4NSA",
			"playAt": 1723652444,
			"duration": 682
		},
		"11": {
			"id": "OMUfmlPs_w4",
			"playAt": 1723653126,
			"duration": 531
		},
		"12": {
			"id": "12DN6dokwmo",
			"playAt": 1723653657,
			"duration": 615
		},
		"13": {
			"id": "Lc4eeUXtybU",
			"playAt": 1723654272,
			"duration": 482
		},
		"14": {
			"id": "pcHluAF8oU8",
			"playAt": 1723654754,
			"duration": 484
		},
		"15": {
			"id": "Jn9Mp09QfjA",
			"playAt": 1723655238,
			"duration": 543
		},
		"16": {
			"id": "Y1s13G6JVE0",
			"playAt": 1723655781,
			"duration": 482
		},
		"17": {
			"id": "A81ZOQDSuKE",
			"playAt": 1723656263,
			"duration": 499
		},
		"18": {
			"id": "q5dRJxV-yxE",
			"playAt": 1723656762,
			"duration": 481
		},
		"19": {
			"id": "6U-kyPjibHw",
			"playAt": 1723657243,
			"duration": 459
		},
		"20": {
			"id": "iaJZMMBtIyk",
			"playAt": 1723657702,
			"duration": 515
		},
		"21": {
			"id": "kwgi5HmDEjE",
			"playAt": 1723658217,
			"duration": 634
		},
		"22": {
			"id": "zZdCYRNsJck",
			"playAt": 1723658851,
			"duration": 457
		},
		"23": {
			"id": "NzVztbq8_mU",
			"playAt": 1723659308,
			"duration": 1681
		},
		"24": {
			"id": "mVhiMl8Gew4",
			"playAt": 1723660989,
			"duration": 506
		},
		"25": {
			"id": "JPA4-D_3pjk",
			"playAt": 1723661495,
			"duration": 1802
		},
		"26": {
			"id": "Ie740ZYszV4",
			"playAt": 1723663297,
			"duration": 364
		},
		"27": {
			"id": "x1mNyMbd3NU",
			"playAt": 1723663661,
			"duration": 615
		},
		"28": {
			"id": "afD239SLg2I",
			"playAt": 1723664276,
			"duration": 483
		},
		"29": {
			"id": "7RCB6PbScjY",
			"playAt": 1723664759,
			"duration": 1084
		},
		"30": {
			"id": "UGjN8VXMyHg",
			"playAt": 1723665843,
			"duration": 368
		},
		"31": {
			"id": "zqdVosc3c6w",
			"playAt": 1723666211,
			"duration": 584
		},
		"32": {
			"id": "-ci9Zko0PMY",
			"playAt": 1723666795,
			"duration": 579
		},
		"33": {
			"id": "b4-LvWQWvM4",
			"playAt": 1723667374,
			"duration": 1842
		},
		"34": {
			"id": "01QgNRm2OYg",
			"playAt": 1723669216,
			"duration": 2934
		},
		"35": {
			"id": "yK9HYgdoCec",
			"playAt": 1723672150,
			"duration": 482
		},
		"36": {
			"id": "7w6wAync-2Q",
			"playAt": 1723672632,
			"duration": 330
		},
		"37": {
			"id": "bEt1DM55E80",
			"playAt": 1723672962,
			"duration": 591
		},
		"38": {
			"id": "Dm4fZW9OwDo",
			"playAt": 1723673553,
			"duration": 659
		},
		"39": {
			"id": "-yFf5Ot-3T0",
			"playAt": 1723674212,
			"duration": 540
		},
		"40": {
			"id": "zrqqrQmeQS4",
			"playAt": 1723674752,
			"duration": 744
		},
		"41": {
			"id": "idJthveed1M",
			"playAt": 1723675496,
			"duration": 1519
		},
		"42": {
			"id": "33ovUNoR_j0",
			"playAt": 1723677015,
			"duration": 351
		},
		"43": {
			"id": "GB3v4iD4NSA",
			"playAt": 1723677366,
			"duration": 682
		},
		"44": {
			"id": "OMUfmlPs_w4",
			"playAt": 1723678048,
			"duration": 531
		},
		"45": {
			"id": "12DN6dokwmo",
			"playAt": 1723678579,
			"duration": 615
		},
		"46": {
			"id": "Lc4eeUXtybU",
			"playAt": 1723679194,
			"duration": 482
		},
		"47": {
			"id": "pcHluAF8oU8",
			"playAt": 1723679676,
			"duration": 484
		},
		"48": {
			"id": "Jn9Mp09QfjA",
			"playAt": 1723680160,
			"duration": 543
		},
		"49": {
			"id": "Y1s13G6JVE0",
			"playAt": 1723680703,
			"duration": 482
		},
		"50": {
			"id": "A81ZOQDSuKE",
			"playAt": 1723681185,
			"duration": 499
		},
		"51": {
			"id": "q5dRJxV-yxE",
			"playAt": 1723681684,
			"duration": 481
		},
		"52": {
			"id": "6U-kyPjibHw",
			"playAt": 1723682165,
			"duration": 459
		},
		"53": {
			"id": "iaJZMMBtIyk",
			"playAt": 1723682624,
			"duration": 515
		},
		"54": {
			"id": "kwgi5HmDEjE",
			"playAt": 1723683139,
			"duration": 634
		},
		"55": {
			"id": "zZdCYRNsJck",
			"playAt": 1723683773,
			"duration": 457
		},
		"56": {
			"id": "NzVztbq8_mU",
			"playAt": 1723684230,
			"duration": 1681
		},
		"57": {
			"id": "mVhiMl8Gew4",
			"playAt": 1723685911,
			"duration": 506
		},
		"58": {
			"id": "JPA4-D_3pjk",
			"playAt": 1723686417,
			"duration": 1802
		},
		"59": {
			"id": "Ie740ZYszV4",
			"playAt": 1723688219,
			"duration": 364
		},
		"60": {
			"id": "x1mNyMbd3NU",
			"playAt": 1723688583,
			"duration": 615
		},
		"61": {
			"id": "afD239SLg2I",
			"playAt": 1723689198,
			"duration": 483
		},
		"62": {
			"id": "7RCB6PbScjY",
			"playAt": 1723689681,
			"duration": 1084
		},
		"63": {
			"id": "UGjN8VXMyHg",
			"playAt": 1723690765,
			"duration": 368
		},
		"64": {
			"id": "zqdVosc3c6w",
			"playAt": 1723691133,
			"duration": 584
		},
		"65": {
			"id": "-ci9Zko0PMY",
			"playAt": 1723691717,
			"duration": 579
		},
		"66": {
			"id": "b4-LvWQWvM4",
			"playAt": 1723692296,
			"duration": 1842
		},
		"67": {
			"id": "01QgNRm2OYg",
			"playAt": 1723694138,
			"duration": 2934
		},
		"68": {
			"id": "yK9HYgdoCec",
			"playAt": 1723697072,
			"duration": 482
		},
		"69": {
			"id": "7w6wAync-2Q",
			"playAt": 1723697554,
			"duration": 330
		},
		"70": {
			"id": "bEt1DM55E80",
			"playAt": 1723697884,
			"duration": 591
		},
		"71": {
			"id": "Dm4fZW9OwDo",
			"playAt": 1723698475,
			"duration": 659
		},
		"72": {
			"id": "-yFf5Ot-3T0",
			"playAt": 1723699134,
			"duration": 540
		},
		"73": {
			"id": "zrqqrQmeQS4",
			"playAt": 1723699674,
			"duration": 744
		},
		"74": {
			"id": "idJthveed1M",
			"playAt": 1723700418,
			"duration": 1519
		},
		"75": {
			"id": "33ovUNoR_j0",
			"playAt": 1723701937,
			"duration": 351
		},
		"76": {
			"id": "GB3v4iD4NSA",
			"playAt": 1723702288,
			"duration": 682
		},
		"77": {
			"id": "OMUfmlPs_w4",
			"playAt": 1723702970,
			"duration": 531
		},
		"78": {
			"id": "12DN6dokwmo",
			"playAt": 1723703501,
			"duration": 615
		},
		"79": {
			"id": "Lc4eeUXtybU",
			"playAt": 1723704116,
			"duration": 482
		},
		"80": {
			"id": "pcHluAF8oU8",
			"playAt": 1723704598,
			"duration": 484
		},
		"81": {
			"id": "Jn9Mp09QfjA",
			"playAt": 1723705082,
			"duration": 543
		},
		"82": {
			"id": "Y1s13G6JVE0",
			"playAt": 1723705625,
			"duration": 482
		},
		"83": {
			"id": "A81ZOQDSuKE",
			"playAt": 1723706107,
			"duration": 499
		},
		"84": {
			"id": "q5dRJxV-yxE",
			"playAt": 1723706606,
			"duration": 481
		},
		"85": {
			"id": "6U-kyPjibHw",
			"playAt": 1723707087,
			"duration": 459
		},
		"86": {
			"id": "iaJZMMBtIyk",
			"playAt": 1723707546,
			"duration": 515
		},
		"87": {
			"id": "kwgi5HmDEjE",
			"playAt": 1723708061,
			"duration": 634
		},
		"88": {
			"id": "zZdCYRNsJck",
			"playAt": 1723708695,
			"duration": 457
		},
		"89": {
			"id": "NzVztbq8_mU",
			"playAt": 1723709152,
			"duration": 1681
		},
		"90": {
			"id": "mVhiMl8Gew4",
			"playAt": 1723710833,
			"duration": 506
		},
		"91": {
			"id": "JPA4-D_3pjk",
			"playAt": 1723711339,
			"duration": 1802
		}
	},
	"5": {
		"1": {
			"id": "7E6AcXUKSVA",
			"playAt": 1723646618,
			"duration": 1412
		},
		"2": {
			"id": "_YUzQa_1RCE",
			"playAt": 1723648030,
			"duration": 184
		},
		"3": {
			"id": "Xo_OfGOjZ4g",
			"playAt": 1723648214,
			"duration": 236
		},
		"4": {
			"id": "HwTsDlPDsuU",
			"playAt": 1723648450,
			"duration": 539
		},
		"5": {
			"id": "r-GQvSc5ZGw",
			"playAt": 1723648989,
			"duration": 61
		},
		"6": {
			"id": "hmlwQLtlxu0",
			"playAt": 1723649050,
			"duration": 734
		},
		"7": {
			"id": "o17MF9vnabg",
			"playAt": 1723649784,
			"duration": 155
		},
		"8": {
			"id": "sjMQ7ewymIs",
			"playAt": 1723649939,
			"duration": 669
		},
		"9": {
			"id": "hDZ7y8RP5HE",
			"playAt": 1723650608,
			"duration": 131
		},
		"10": {
			"id": "qVWyLKUQBcM",
			"playAt": 1723650739,
			"duration": 122
		},
		"11": {
			"id": "PiKQ6kbhfPY",
			"playAt": 1723650861,
			"duration": 618
		},
		"12": {
			"id": "73_1biulkYk",
			"playAt": 1723651479,
			"duration": 159
		},
		"13": {
			"id": "ebGnrGhBj4U",
			"playAt": 1723651638,
			"duration": 494
		},
		"14": {
			"id": "O9i2vmFhSSY",
			"playAt": 1723652132,
			"duration": 144
		},
		"15": {
			"id": "MH02yagHaNw",
			"playAt": 1723652276,
			"duration": 148
		},
		"16": {
			"id": "q9Z4caCa2yw",
			"playAt": 1723652424,
			"duration": 931
		},
		"17": {
			"id": "a6voXgBlmpk",
			"playAt": 1723653355,
			"duration": 102
		},
		"18": {
			"id": "0tHkfFtydA0",
			"playAt": 1723653457,
			"duration": 280
		},
		"19": {
			"id": "aU6KoiAEOvk",
			"playAt": 1723653737,
			"duration": 407
		},
		"20": {
			"id": "nNWXMAJF7ww",
			"playAt": 1723654144,
			"duration": 78
		},
		"21": {
			"id": "73_1biulkYk",
			"playAt": 1723654222,
			"duration": 159
		},
		"22": {
			"id": "_BikxJE63Bk",
			"playAt": 1723654381,
			"duration": 1164
		},
		"23": {
			"id": "b59rxDB_JRg",
			"playAt": 1723655545,
			"duration": 116
		},
		"24": {
			"id": "XJMuhwVlca4",
			"playAt": 1723655661,
			"duration": 147
		},
		"25": {
			"id": "ZX0Cvfutbpw",
			"playAt": 1723655808,
			"duration": 832
		},
		"26": {
			"id": "eMQt_V2eCRY",
			"playAt": 1723656640,
			"duration": 100
		},
		"27": {
			"id": "_OKAwz2MsJs",
			"playAt": 1723656740,
			"duration": 171
		},
		"28": {
			"id": "EySdVK0NK1Y",
			"playAt": 1723656911,
			"duration": 182
		},
		"29": {
			"id": "6q3zL2CEnsE",
			"playAt": 1723657093,
			"duration": 801
		},
		"30": {
			"id": "qvqyBWCN39o",
			"playAt": 1723657894,
			"duration": 145
		},
		"31": {
			"id": "_YUzQa_1RCE",
			"playAt": 1723658039,
			"duration": 184
		},
		"32": {
			"id": "JGLEVXJoetU",
			"playAt": 1723658223,
			"duration": 903
		},
		"33": {
			"id": "_YUzQa_1RCE",
			"playAt": 1723659126,
			"duration": 184
		},
		"34": {
			"id": "7E6AcXUKSVA",
			"playAt": 1723659310,
			"duration": 1412
		},
		"35": {
			"id": "_YUzQa_1RCE",
			"playAt": 1723660722,
			"duration": 184
		},
		"36": {
			"id": "Xo_OfGOjZ4g",
			"playAt": 1723660906,
			"duration": 236
		},
		"37": {
			"id": "HwTsDlPDsuU",
			"playAt": 1723661142,
			"duration": 539
		},
		"38": {
			"id": "r-GQvSc5ZGw",
			"playAt": 1723661681,
			"duration": 61
		},
		"39": {
			"id": "hmlwQLtlxu0",
			"playAt": 1723661742,
			"duration": 734
		},
		"40": {
			"id": "o17MF9vnabg",
			"playAt": 1723662476,
			"duration": 155
		},
		"41": {
			"id": "sjMQ7ewymIs",
			"playAt": 1723662631,
			"duration": 669
		},
		"42": {
			"id": "hDZ7y8RP5HE",
			"playAt": 1723663300,
			"duration": 131
		},
		"43": {
			"id": "qVWyLKUQBcM",
			"playAt": 1723663431,
			"duration": 122
		},
		"44": {
			"id": "PiKQ6kbhfPY",
			"playAt": 1723663553,
			"duration": 618
		},
		"45": {
			"id": "73_1biulkYk",
			"playAt": 1723664171,
			"duration": 159
		},
		"46": {
			"id": "ebGnrGhBj4U",
			"playAt": 1723664330,
			"duration": 494
		},
		"47": {
			"id": "O9i2vmFhSSY",
			"playAt": 1723664824,
			"duration": 144
		},
		"48": {
			"id": "MH02yagHaNw",
			"playAt": 1723664968,
			"duration": 148
		},
		"49": {
			"id": "q9Z4caCa2yw",
			"playAt": 1723665116,
			"duration": 931
		},
		"50": {
			"id": "a6voXgBlmpk",
			"playAt": 1723666047,
			"duration": 102
		},
		"51": {
			"id": "0tHkfFtydA0",
			"playAt": 1723666149,
			"duration": 280
		},
		"52": {
			"id": "aU6KoiAEOvk",
			"playAt": 1723666429,
			"duration": 407
		},
		"53": {
			"id": "nNWXMAJF7ww",
			"playAt": 1723666836,
			"duration": 78
		},
		"54": {
			"id": "73_1biulkYk",
			"playAt": 1723666914,
			"duration": 159
		},
		"55": {
			"id": "_BikxJE63Bk",
			"playAt": 1723667073,
			"duration": 1164
		},
		"56": {
			"id": "b59rxDB_JRg",
			"playAt": 1723668237,
			"duration": 116
		},
		"57": {
			"id": "XJMuhwVlca4",
			"playAt": 1723668353,
			"duration": 147
		},
		"58": {
			"id": "ZX0Cvfutbpw",
			"playAt": 1723668500,
			"duration": 832
		},
		"59": {
			"id": "eMQt_V2eCRY",
			"playAt": 1723669332,
			"duration": 100
		},
		"60": {
			"id": "_OKAwz2MsJs",
			"playAt": 1723669432,
			"duration": 171
		},
		"61": {
			"id": "EySdVK0NK1Y",
			"playAt": 1723669603,
			"duration": 182
		},
		"62": {
			"id": "6q3zL2CEnsE",
			"playAt": 1723669785,
			"duration": 801
		},
		"63": {
			"id": "qvqyBWCN39o",
			"playAt": 1723670586,
			"duration": 145
		},
		"64": {
			"id": "OhcOHkgTrQQ",
			"playAt": 1723670731,
			"duration": 166
		},
		"65": {
			"id": "IqvkwNqucTM",
			"playAt": 1723670897,
			"duration": 3105
		},
		"66": {
			"id": "tqqnKuGA3ZQ",
			"playAt": 1723674002,
			"duration": 72
		},
		"67": {
			"id": "u2NuUWuwPCM",
			"playAt": 1723674074,
			"duration": 164
		},
		"68": {
			"id": "pzJDzIDv0mo",
			"playAt": 1723674238,
			"duration": 232
		},
		"69": {
			"id": "C0egFwK4hYs",
			"playAt": 1723674470,
			"duration": 85
		},
		"70": {
			"id": "iMsHcxIE5MU",
			"playAt": 1723674555,
			"duration": 662
		},
		"71": {
			"id": "CtWqv0Z3ErM",
			"playAt": 1723675217,
			"duration": 1189
		},
		"72": {
			"id": "b59rxDB_JRg",
			"playAt": 1723676406,
			"duration": 116
		},
		"73": {
			"id": "73_1biulkYk",
			"playAt": 1723676522,
			"duration": 159
		},
		"74": {
			"id": "khsNsa3-VqQ",
			"playAt": 1723676681,
			"duration": 1533
		},
		"75": {
			"id": "cE5BUbxFKVI",
			"playAt": 1723678214,
			"duration": 855
		},
		"76": {
			"id": "f_bhYFCtavY",
			"playAt": 1723679069,
			"duration": 129
		},
		"77": {
			"id": "_OKAwz2MsJs",
			"playAt": 1723679198,
			"duration": 171
		},
		"78": {
			"id": "PIzzgjsoLqU",
			"playAt": 1723679369,
			"duration": 1543
		},
		"79": {
			"id": "eMQt_V2eCRY",
			"playAt": 1723680912,
			"duration": 100
		},
		"80": {
			"id": "O9i2vmFhSSY",
			"playAt": 1723681012,
			"duration": 144
		},
		"81": {
			"id": "8szAkDLWp-M",
			"playAt": 1723681156,
			"duration": 1420
		},
		"82": {
			"id": "tIiQ6YOTrUg",
			"playAt": 1723682576,
			"duration": 801
		},
		"83": {
			"id": "EySdVK0NK1Y",
			"playAt": 1723683377,
			"duration": 182
		},
		"84": {
			"id": "6q3zL2CEnsE",
			"playAt": 1723683559,
			"duration": 801
		},
		"85": {
			"id": "r-GQvSc5ZGw",
			"playAt": 1723684360,
			"duration": 61
		},
		"86": {
			"id": "HwTsDlPDsuU",
			"playAt": 1723684421,
			"duration": 539
		},
		"87": {
			"id": "o17MF9vnabg",
			"playAt": 1723684960,
			"duration": 155
		},
		"88": {
			"id": "qVWyLKUQBcM",
			"playAt": 1723685115,
			"duration": 122
		},
		"89": {
			"id": "PiKQ6kbhfPY",
			"playAt": 1723685237,
			"duration": 618
		},
		"90": {
			"id": "73_1biulkYk",
			"playAt": 1723685855,
			"duration": 159
		},
		"91": {
			"id": "ebGnrGhBj4U",
			"playAt": 1723686014,
			"duration": 494
		},
		"92": {
			"id": "O9i2vmFhSSY",
			"playAt": 1723686508,
			"duration": 144
		},
		"93": {
			"id": "MH02yagHaNw",
			"playAt": 1723686652,
			"duration": 148
		},
		"94": {
			"id": "OTrJyeblibI",
			"playAt": 1723686800,
			"duration": 1720
		},
		"95": {
			"id": "yXl6y3X_tX0",
			"playAt": 1723688520,
			"duration": 2260
		},
		"96": {
			"id": "OD96AWm5qIo",
			"playAt": 1723690780,
			"duration": 785
		},
		"97": {
			"id": "C0egFwK4hYs",
			"playAt": 1723691565,
			"duration": 85
		},
		"98": {
			"id": "DNnF1mubXJI",
			"playAt": 1723691650,
			"duration": 864
		},
		"99": {
			"id": "XJMuhwVlca4",
			"playAt": 1723692514,
			"duration": 147
		},
		"100": {
			"id": "ZX0Cvfutbpw",
			"playAt": 1723692661,
			"duration": 832
		},
		"101": {
			"id": "hDZ7y8RP5HE",
			"playAt": 1723693493,
			"duration": 131
		},
		"102": {
			"id": "nIEbpGdctyg",
			"playAt": 1723693624,
			"duration": 1765
		},
		"103": {
			"id": "hR1-ihzff3I",
			"playAt": 1723695389,
			"duration": 152
		},
		"104": {
			"id": "iZ9O_tl5Npk",
			"playAt": 1723695541,
			"duration": 138
		},
		"105": {
			"id": "A9O_jWwCJ3s",
			"playAt": 1723695679,
			"duration": 1489
		},
		"106": {
			"id": "dKyX8rocAB8",
			"playAt": 1723697168,
			"duration": 165
		},
		"107": {
			"id": "EySdVK0NK1Y",
			"playAt": 1723697333,
			"duration": 182
		},
		"108": {
			"id": "6q3zL2CEnsE",
			"playAt": 1723697515,
			"duration": 801
		},
		"109": {
			"id": "qvqyBWCN39o",
			"playAt": 1723698316,
			"duration": 145
		},
		"110": {
			"id": "_YUzQa_1RCE",
			"playAt": 1723698461,
			"duration": 184
		},
		"111": {
			"id": "JGLEVXJoetU",
			"playAt": 1723698645,
			"duration": 903
		},
		"112": {
			"id": "_YUzQa_1RCE",
			"playAt": 1723699548,
			"duration": 184
		},
		"113": {
			"id": "7E6AcXUKSVA",
			"playAt": 1723699732,
			"duration": 1412
		},
		"114": {
			"id": "Xo_OfGOjZ4g",
			"playAt": 1723701144,
			"duration": 236
		},
		"115": {
			"id": "HwTsDlPDsuU",
			"playAt": 1723701380,
			"duration": 539
		},
		"116": {
			"id": "r-GQvSc5ZGw",
			"playAt": 1723701919,
			"duration": 61
		},
		"117": {
			"id": "hmlwQLtlxu0",
			"playAt": 1723701980,
			"duration": 734
		},
		"118": {
			"id": "o17MF9vnabg",
			"playAt": 1723702714,
			"duration": 155
		},
		"119": {
			"id": "sjMQ7ewymIs",
			"playAt": 1723702869,
			"duration": 669
		},
		"120": {
			"id": "hDZ7y8RP5HE",
			"playAt": 1723703538,
			"duration": 131
		},
		"121": {
			"id": "qVWyLKUQBcM",
			"playAt": 1723703669,
			"duration": 122
		},
		"122": {
			"id": "PiKQ6kbhfPY",
			"playAt": 1723703791,
			"duration": 618
		},
		"123": {
			"id": "73_1biulkYk",
			"playAt": 1723704409,
			"duration": 159
		},
		"124": {
			"id": "ebGnrGhBj4U",
			"playAt": 1723704568,
			"duration": 494
		},
		"125": {
			"id": "O9i2vmFhSSY",
			"playAt": 1723705062,
			"duration": 144
		},
		"126": {
			"id": "MH02yagHaNw",
			"playAt": 1723705206,
			"duration": 148
		},
		"127": {
			"id": "q9Z4caCa2yw",
			"playAt": 1723705354,
			"duration": 931
		},
		"128": {
			"id": "a6voXgBlmpk",
			"playAt": 1723706285,
			"duration": 102
		},
		"129": {
			"id": "0tHkfFtydA0",
			"playAt": 1723706387,
			"duration": 280
		},
		"130": {
			"id": "73_1biulkYk",
			"playAt": 1723706667,
			"duration": 159
		},
		"131": {
			"id": "_BikxJE63Bk",
			"playAt": 1723706826,
			"duration": 1164
		},
		"132": {
			"id": "b59rxDB_JRg",
			"playAt": 1723707990,
			"duration": 116
		},
		"133": {
			"id": "XJMuhwVlca4",
			"playAt": 1723708106,
			"duration": 147
		},
		"134": {
			"id": "ZX0Cvfutbpw",
			"playAt": 1723708253,
			"duration": 832
		},
		"135": {
			"id": "eMQt_V2eCRY",
			"playAt": 1723709085,
			"duration": 100
		},
		"136": {
			"id": "EySdVK0NK1Y",
			"playAt": 1723709185,
			"duration": 182
		},
		"137": {
			"id": "6q3zL2CEnsE",
			"playAt": 1723709367,
			"duration": 801
		}
	},
	"6": {
		"1": {
			"id": "NGsUFvwgvCo",
			"playAt": 1723647200,
			"duration": 3216
		},
		"2": {
			"id": "PeYJTluQ5tM",
			"playAt": 1723650416,
			"duration": 3219
		},
		"3": {
			"id": "8ImtbHTX9gc",
			"playAt": 1723653635,
			"duration": 3212
		},
		"4": {
			"id": "hF-7eKtzAHM",
			"playAt": 1723656847,
			"duration": 3216
		},
		"5": {
			"id": "yQ6VOOd73MA",
			"playAt": 1723660063,
			"duration": 3213
		},
		"6": {
			"id": "qJ-qX3yrxC0",
			"playAt": 1723663276,
			"duration": 3201
		},
		"7": {
			"id": "068rdc75mHM",
			"playAt": 1723666477,
			"duration": 3199
		},
		"8": {
			"id": "XDddNhljc28",
			"playAt": 1723669676,
			"duration": 6768
		},
		"9": {
			"id": "HU6LfXNeQM4",
			"playAt": 1723676444,
			"duration": 3213
		},
		"10": {
			"id": "Lr9jXJE363w",
			"playAt": 1723679657,
			"duration": 3227
		},
		"11": {
			"id": "7PYLVshtJm0",
			"playAt": 1723682884,
			"duration": 3222
		},
		"12": {
			"id": "WTfQpdTD_3M",
			"playAt": 1723686106,
			"duration": 3230
		},
		"13": {
			"id": "6C9YEZfoQD0",
			"playAt": 1723689336,
			"duration": 3206
		},
		"14": {
			"id": "HvKpnaXYUPU",
			"playAt": 1723692542,
			"duration": 3208
		},
		"15": {
			"id": "fhtw7Dpntb4",
			"playAt": 1723695750,
			"duration": 3243
		},
		"16": {
			"id": "w-dxMTDzMLY",
			"playAt": 1723698993,
			"duration": 3215
		},
		"17": {
			"id": "NGsUFvwgvCo",
			"playAt": 1723702208,
			"duration": 3216
		},
		"18": {
			"id": "PeYJTluQ5tM",
			"playAt": 1723705424,
			"duration": 3219
		},
		"19": {
			"id": "8ImtbHTX9gc",
			"playAt": 1723708643,
			"duration": 3212
		},
		"20": {
			"id": "w-dxMTDzMLY",
			"playAt": 1723711855,
			"duration": 3215
		}
	},
	"7": {
		"1": {
			"id": "xhrvIoek0uo",
			"playAt": 1723642624,
			"duration": 5084
		},
		"2": {
			"id": "v69-181zzk8",
			"playAt": 1723647708,
			"duration": 3169
		},
		"3": {
			"id": "zKUpf1Vx0vs",
			"playAt": 1723650877,
			"duration": 2885
		},
		"4": {
			"id": "sizQKblletY",
			"playAt": 1723653762,
			"duration": 2064
		},
		"5": {
			"id": "r__NIxqZO08",
			"playAt": 1723655826,
			"duration": 4769
		},
		"6": {
			"id": "1Lik3hSyhrY",
			"playAt": 1723660595,
			"duration": 2351
		},
		"7": {
			"id": "zG10W6HYKTk",
			"playAt": 1723662946,
			"duration": 3786
		},
		"8": {
			"id": "y2YtIBYM4w0",
			"playAt": 1723666732,
			"duration": 5348
		},
		"9": {
			"id": "1Vny60-7CvM",
			"playAt": 1723672080,
			"duration": 2854
		},
		"10": {
			"id": "s-ONlhskCrA",
			"playAt": 1723674934,
			"duration": 3646
		},
		"11": {
			"id": "nWHvFGtxfPU",
			"playAt": 1723678580,
			"duration": 1987
		},
		"12": {
			"id": "ZgHR4ug866Q",
			"playAt": 1723680567,
			"duration": 8813
		},
		"13": {
			"id": "wMF5C_BwQTA",
			"playAt": 1723689380,
			"duration": 8136
		},
		"14": {
			"id": "xhrvIoek0uo",
			"playAt": 1723697516,
			"duration": 5084
		},
		"15": {
			"id": "v69-181zzk8",
			"playAt": 1723702600,
			"duration": 3169
		},
		"16": {
			"id": "sizQKblletY",
			"playAt": 1723705769,
			"duration": 2064
		},
		"17": {
			"id": "zKUpf1Vx0vs",
			"playAt": 1723707833,
			"duration": 2885
		}
	},
	"8": {
		"1": {
			"id": "AqnIWoaF6zU",
			"playAt": 1723646920,
			"duration": 1283
		},
		"2": {
			"id": "k2QjEgOtCAA",
			"playAt": 1723648203,
			"duration": 870
		},
		"3": {
			"id": "mcrf0-fIZhY",
			"playAt": 1723649073,
			"duration": 240
		},
		"4": {
			"id": "fAoRHjc5_OQ",
			"playAt": 1723649313,
			"duration": 227
		},
		"5": {
			"id": "z5RSQaF0I2o",
			"playAt": 1723649540,
			"duration": 484
		},
		"6": {
			"id": "gBdItONLNJ4",
			"playAt": 1723650024,
			"duration": 328
		},
		"7": {
			"id": "Xgq_dZSXyIE",
			"playAt": 1723650352,
			"duration": 284
		},
		"8": {
			"id": "1_xX9U9pY-Q",
			"playAt": 1723650636,
			"duration": 494
		},
		"9": {
			"id": "azAD9KE9HKE",
			"playAt": 1723651130,
			"duration": 252
		},
		"10": {
			"id": "AMGTUg_mECQ",
			"playAt": 1723651382,
			"duration": 269
		},
		"11": {
			"id": "3-fJDgUiUn4",
			"playAt": 1723651651,
			"duration": 185
		},
		"12": {
			"id": "XYeuvbhKy4I",
			"playAt": 1723651836,
			"duration": 199
		},
		"13": {
			"id": "okpwnSwo_LA",
			"playAt": 1723652035,
			"duration": 192
		},
		"14": {
			"id": "kGnlRQ_w6RY",
			"playAt": 1723652227,
			"duration": 195
		},
		"15": {
			"id": "pgx_9yNsqsQ",
			"playAt": 1723652422,
			"duration": 200
		},
		"16": {
			"id": "cBYjAVqMtqo",
			"playAt": 1723652622,
			"duration": 317
		},
		"17": {
			"id": "353lHGbvu8o",
			"playAt": 1723652939,
			"duration": 4000
		},
		"18": {
			"id": "xXTkRdQeJmw",
			"playAt": 1723656939,
			"duration": 206
		},
		"19": {
			"id": "w5cMqD0WqYE",
			"playAt": 1723657145,
			"duration": 888
		},
		"20": {
			"id": "8KUV2TFTpGo",
			"playAt": 1723658033,
			"duration": 956
		},
		"21": {
			"id": "6dxkyLMHRhA",
			"playAt": 1723658989,
			"duration": 1532
		},
		"22": {
			"id": "H6SZuAcqeW8",
			"playAt": 1723660521,
			"duration": 429
		},
		"23": {
			"id": "P_XguuxLo10",
			"playAt": 1723660950,
			"duration": 1738
		},
		"24": {
			"id": "cLJ4MojENJg",
			"playAt": 1723662688,
			"duration": 212
		},
		"25": {
			"id": "fcaWN3ZJnhs",
			"playAt": 1723662900,
			"duration": 195
		},
		"26": {
			"id": "-mnH9-SX2Tg",
			"playAt": 1723663095,
			"duration": 315
		},
		"27": {
			"id": "GO3KwVSd7gY",
			"playAt": 1723663410,
			"duration": 336
		},
		"28": {
			"id": "7U0Uu1CZ1uQ",
			"playAt": 1723663746,
			"duration": 205
		},
		"29": {
			"id": "NscYQ8fefXo",
			"playAt": 1723663951,
			"duration": 280
		},
		"30": {
			"id": "N9TT5kO4p7Q",
			"playAt": 1723664231,
			"duration": 352
		},
		"31": {
			"id": "n1h1AOeVQ38",
			"playAt": 1723664583,
			"duration": 413
		},
		"32": {
			"id": "s3NhaMVvcWE",
			"playAt": 1723664996,
			"duration": 3945
		},
		"33": {
			"id": "vWLJeqLPfSU",
			"playAt": 1723668941,
			"duration": 693
		},
		"34": {
			"id": "gfiqW1WaGbw",
			"playAt": 1723669634,
			"duration": 179
		},
		"35": {
			"id": "OO6QUgGMp2A",
			"playAt": 1723669813,
			"duration": 1083
		},
		"36": {
			"id": "sOg7mAkrKJw",
			"playAt": 1723670896,
			"duration": 930
		},
		"37": {
			"id": "LCjQsB0sDW8",
			"playAt": 1723671826,
			"duration": 1378
		},
		"38": {
			"id": "CItgHmHGW48",
			"playAt": 1723673204,
			"duration": 167
		},
		"39": {
			"id": "AqnIWoaF6zU",
			"playAt": 1723673371,
			"duration": 1283
		},
		"40": {
			"id": "k2QjEgOtCAA",
			"playAt": 1723674654,
			"duration": 870
		},
		"41": {
			"id": "mcrf0-fIZhY",
			"playAt": 1723675524,
			"duration": 240
		},
		"42": {
			"id": "fAoRHjc5_OQ",
			"playAt": 1723675764,
			"duration": 227
		},
		"43": {
			"id": "z5RSQaF0I2o",
			"playAt": 1723675991,
			"duration": 484
		},
		"44": {
			"id": "gBdItONLNJ4",
			"playAt": 1723676475,
			"duration": 328
		},
		"45": {
			"id": "Xgq_dZSXyIE",
			"playAt": 1723676803,
			"duration": 284
		},
		"46": {
			"id": "1_xX9U9pY-Q",
			"playAt": 1723677087,
			"duration": 494
		},
		"47": {
			"id": "azAD9KE9HKE",
			"playAt": 1723677581,
			"duration": 252
		},
		"48": {
			"id": "AMGTUg_mECQ",
			"playAt": 1723677833,
			"duration": 269
		},
		"49": {
			"id": "3-fJDgUiUn4",
			"playAt": 1723678102,
			"duration": 185
		},
		"50": {
			"id": "XYeuvbhKy4I",
			"playAt": 1723678287,
			"duration": 199
		},
		"51": {
			"id": "okpwnSwo_LA",
			"playAt": 1723678486,
			"duration": 192
		},
		"52": {
			"id": "kGnlRQ_w6RY",
			"playAt": 1723678678,
			"duration": 195
		},
		"53": {
			"id": "pgx_9yNsqsQ",
			"playAt": 1723678873,
			"duration": 200
		},
		"54": {
			"id": "cBYjAVqMtqo",
			"playAt": 1723679073,
			"duration": 317
		},
		"55": {
			"id": "353lHGbvu8o",
			"playAt": 1723679390,
			"duration": 4000
		},
		"56": {
			"id": "xXTkRdQeJmw",
			"playAt": 1723683390,
			"duration": 206
		},
		"57": {
			"id": "w5cMqD0WqYE",
			"playAt": 1723683596,
			"duration": 888
		},
		"58": {
			"id": "8KUV2TFTpGo",
			"playAt": 1723684484,
			"duration": 956
		},
		"59": {
			"id": "6dxkyLMHRhA",
			"playAt": 1723685440,
			"duration": 1532
		},
		"60": {
			"id": "H6SZuAcqeW8",
			"playAt": 1723686972,
			"duration": 429
		},
		"61": {
			"id": "P_XguuxLo10",
			"playAt": 1723687401,
			"duration": 1738
		},
		"62": {
			"id": "cLJ4MojENJg",
			"playAt": 1723689139,
			"duration": 212
		},
		"63": {
			"id": "fcaWN3ZJnhs",
			"playAt": 1723689351,
			"duration": 195
		},
		"64": {
			"id": "-mnH9-SX2Tg",
			"playAt": 1723689546,
			"duration": 315
		},
		"65": {
			"id": "GO3KwVSd7gY",
			"playAt": 1723689861,
			"duration": 336
		},
		"66": {
			"id": "7U0Uu1CZ1uQ",
			"playAt": 1723690197,
			"duration": 205
		},
		"67": {
			"id": "NscYQ8fefXo",
			"playAt": 1723690402,
			"duration": 280
		},
		"68": {
			"id": "N9TT5kO4p7Q",
			"playAt": 1723690682,
			"duration": 352
		},
		"69": {
			"id": "n1h1AOeVQ38",
			"playAt": 1723691034,
			"duration": 413
		},
		"70": {
			"id": "s3NhaMVvcWE",
			"playAt": 1723691447,
			"duration": 3945
		},
		"71": {
			"id": "vWLJeqLPfSU",
			"playAt": 1723695392,
			"duration": 693
		},
		"72": {
			"id": "gfiqW1WaGbw",
			"playAt": 1723696085,
			"duration": 179
		},
		"73": {
			"id": "OO6QUgGMp2A",
			"playAt": 1723696264,
			"duration": 1083
		},
		"74": {
			"id": "sOg7mAkrKJw",
			"playAt": 1723697347,
			"duration": 930
		},
		"75": {
			"id": "LCjQsB0sDW8",
			"playAt": 1723698277,
			"duration": 1378
		},
		"76": {
			"id": "CItgHmHGW48",
			"playAt": 1723699655,
			"duration": 167
		},
		"77": {
			"id": "AqnIWoaF6zU",
			"playAt": 1723699822,
			"duration": 1283
		},
		"78": {
			"id": "k2QjEgOtCAA",
			"playAt": 1723701105,
			"duration": 870
		},
		"79": {
			"id": "mcrf0-fIZhY",
			"playAt": 1723701975,
			"duration": 240
		},
		"80": {
			"id": "fAoRHjc5_OQ",
			"playAt": 1723702215,
			"duration": 227
		},
		"81": {
			"id": "z5RSQaF0I2o",
			"playAt": 1723702442,
			"duration": 484
		},
		"82": {
			"id": "Xgq_dZSXyIE",
			"playAt": 1723702926,
			"duration": 284
		},
		"83": {
			"id": "sOg7mAkrKJw",
			"playAt": 1723703210,
			"duration": 930
		},
		"84": {
			"id": "LCjQsB0sDW8",
			"playAt": 1723704140,
			"duration": 1378
		},
		"85": {
			"id": "CItgHmHGW48",
			"playAt": 1723705518,
			"duration": 167
		}
	},
	"9": {
		"1": {
			"id": "WT7swFbkdV4",
			"playAt": 1723647238,
			"duration": 797
		},
		"2": {
			"id": "kKPaDhH_XiE",
			"playAt": 1723648035,
			"duration": 1527
		},
		"3": {
			"id": "YLIEeDL2J6M",
			"playAt": 1723649562,
			"duration": 1848
		},
		"4": {
			"id": "2WxueDKa0g0",
			"playAt": 1723651410,
			"duration": 1166
		},
		"5": {
			"id": "yDyQig0bIR4",
			"playAt": 1723652576,
			"duration": 1281
		},
		"6": {
			"id": "e9MV9NxTh60",
			"playAt": 1723653857,
			"duration": 1287
		},
		"7": {
			"id": "i118EhTYl2U",
			"playAt": 1723655144,
			"duration": 1131
		},
		"8": {
			"id": "o4DaISjB-lw",
			"playAt": 1723656275,
			"duration": 969
		},
		"9": {
			"id": "zuTcFVxjls4",
			"playAt": 1723657244,
			"duration": 1193
		},
		"10": {
			"id": "PIPZa1lG4hY",
			"playAt": 1723658437,
			"duration": 889
		},
		"11": {
			"id": "AMCFh_7RllM",
			"playAt": 1723659326,
			"duration": 1100
		},
		"12": {
			"id": "fyAlU7L1YvE",
			"playAt": 1723660426,
			"duration": 660
		},
		"13": {
			"id": "wHWXx1KsvVY",
			"playAt": 1723661086,
			"duration": 655
		},
		"14": {
			"id": "UX4JTlyhwPI",
			"playAt": 1723661741,
			"duration": 1754
		},
		"15": {
			"id": "xxc14NuA4ag",
			"playAt": 1723663495,
			"duration": 1260
		},
		"16": {
			"id": "L6adrYYHumU",
			"playAt": 1723664755,
			"duration": 1109
		},
		"17": {
			"id": "H90oLVv6WUM",
			"playAt": 1723665864,
			"duration": 888
		},
		"18": {
			"id": "WT7swFbkdV4",
			"playAt": 1723666752,
			"duration": 797
		},
		"19": {
			"id": "kKPaDhH_XiE",
			"playAt": 1723667549,
			"duration": 1527
		},
		"20": {
			"id": "YLIEeDL2J6M",
			"playAt": 1723669076,
			"duration": 1848
		},
		"21": {
			"id": "2WxueDKa0g0",
			"playAt": 1723670924,
			"duration": 1166
		},
		"22": {
			"id": "yDyQig0bIR4",
			"playAt": 1723672090,
			"duration": 1281
		},
		"23": {
			"id": "e9MV9NxTh60",
			"playAt": 1723673371,
			"duration": 1287
		},
		"24": {
			"id": "i118EhTYl2U",
			"playAt": 1723674658,
			"duration": 1131
		},
		"25": {
			"id": "o4DaISjB-lw",
			"playAt": 1723675789,
			"duration": 969
		},
		"26": {
			"id": "zuTcFVxjls4",
			"playAt": 1723676758,
			"duration": 1193
		},
		"27": {
			"id": "PIPZa1lG4hY",
			"playAt": 1723677951,
			"duration": 889
		},
		"28": {
			"id": "AMCFh_7RllM",
			"playAt": 1723678840,
			"duration": 1100
		},
		"29": {
			"id": "fyAlU7L1YvE",
			"playAt": 1723679940,
			"duration": 660
		},
		"30": {
			"id": "wHWXx1KsvVY",
			"playAt": 1723680600,
			"duration": 655
		},
		"31": {
			"id": "UX4JTlyhwPI",
			"playAt": 1723681255,
			"duration": 1754
		},
		"32": {
			"id": "xxc14NuA4ag",
			"playAt": 1723683009,
			"duration": 1260
		},
		"33": {
			"id": "L6adrYYHumU",
			"playAt": 1723684269,
			"duration": 1109
		},
		"34": {
			"id": "H90oLVv6WUM",
			"playAt": 1723685378,
			"duration": 888
		},
		"35": {
			"id": "WT7swFbkdV4",
			"playAt": 1723686266,
			"duration": 797
		},
		"36": {
			"id": "kKPaDhH_XiE",
			"playAt": 1723687063,
			"duration": 1527
		},
		"37": {
			"id": "YLIEeDL2J6M",
			"playAt": 1723688590,
			"duration": 1848
		},
		"38": {
			"id": "2WxueDKa0g0",
			"playAt": 1723690438,
			"duration": 1166
		},
		"39": {
			"id": "yDyQig0bIR4",
			"playAt": 1723691604,
			"duration": 1281
		},
		"40": {
			"id": "e9MV9NxTh60",
			"playAt": 1723692885,
			"duration": 1287
		},
		"41": {
			"id": "i118EhTYl2U",
			"playAt": 1723694172,
			"duration": 1131
		},
		"42": {
			"id": "o4DaISjB-lw",
			"playAt": 1723695303,
			"duration": 969
		},
		"43": {
			"id": "zuTcFVxjls4",
			"playAt": 1723696272,
			"duration": 1193
		},
		"44": {
			"id": "PIPZa1lG4hY",
			"playAt": 1723697465,
			"duration": 889
		},
		"45": {
			"id": "AMCFh_7RllM",
			"playAt": 1723698354,
			"duration": 1100
		},
		"46": {
			"id": "fyAlU7L1YvE",
			"playAt": 1723699454,
			"duration": 660
		},
		"47": {
			"id": "wHWXx1KsvVY",
			"playAt": 1723700114,
			"duration": 655
		},
		"48": {
			"id": "UX4JTlyhwPI",
			"playAt": 1723700769,
			"duration": 1754
		},
		"49": {
			"id": "xxc14NuA4ag",
			"playAt": 1723702523,
			"duration": 1260
		},
		"50": {
			"id": "L6adrYYHumU",
			"playAt": 1723703783,
			"duration": 1109
		},
		"51": {
			"id": "H90oLVv6WUM",
			"playAt": 1723704892,
			"duration": 888
		},
		"52": {
			"id": "kKPaDhH_XiE",
			"playAt": 1723705780,
			"duration": 1527
		},
		"53": {
			"id": "xxc14NuA4ag",
			"playAt": 1723707307,
			"duration": 1260
		},
		"54": {
			"id": "L6adrYYHumU",
			"playAt": 1723708567,
			"duration": 1109
		},
		"55": {
			"id": "H90oLVv6WUM",
			"playAt": 1723709676,
			"duration": 888
		}
	},
	"10": {
		"1": {
			"id": "01_HKARXWOM",
			"playAt": 1723646654,
			"duration": 681
		},
		"2": {
			"id": "2BqW-ZQp3qo",
			"playAt": 1723647335,
			"duration": 127
		},
		"3": {
			"id": "UbQ2vQsJg2E",
			"playAt": 1723647462,
			"duration": 245
		},
		"4": {
			"id": "iz6X6yrOHmw",
			"playAt": 1723647707,
			"duration": 215
		},
		"5": {
			"id": "ZveO79Ny94I",
			"playAt": 1723647922,
			"duration": 161
		},
		"6": {
			"id": "08GTZyXnfDQ",
			"playAt": 1723648083,
			"duration": 2345
		},
		"7": {
			"id": "WhP78kkUOok",
			"playAt": 1723650428,
			"duration": 2420
		},
		"8": {
			"id": "_7ac5aHQt6U",
			"playAt": 1723652848,
			"duration": 1530
		},
		"9": {
			"id": "OVuWGZwvSbM",
			"playAt": 1723654378,
			"duration": 602
		},
		"10": {
			"id": "W1T_wvVnR_Q",
			"playAt": 1723654980,
			"duration": 561
		},
		"11": {
			"id": "S-VC_iZi-FI",
			"playAt": 1723655541,
			"duration": 321
		},
		"12": {
			"id": "ufT9mlQ_Rjs",
			"playAt": 1723655862,
			"duration": 582
		},
		"13": {
			"id": "LwMk6y5FReg",
			"playAt": 1723656444,
			"duration": 1425
		},
		"14": {
			"id": "Io_A3G_pQrI",
			"playAt": 1723657869,
			"duration": 2602
		},
		"15": {
			"id": "7Obdj46I36c",
			"playAt": 1723660471,
			"duration": 1187
		},
		"16": {
			"id": "KshbXQkRR-Q",
			"playAt": 1723661658,
			"duration": 3406
		},
		"17": {
			"id": "zXAazJJAex0",
			"playAt": 1723665064,
			"duration": 1325
		},
		"18": {
			"id": "b6EGxnSlTlE",
			"playAt": 1723666389,
			"duration": 638
		},
		"19": {
			"id": "cA5C5SIGECs",
			"playAt": 1723667027,
			"duration": 784
		},
		"20": {
			"id": "uO0l8BYAOeU",
			"playAt": 1723667811,
			"duration": 460
		},
		"21": {
			"id": "fUJ3EVTjMoo",
			"playAt": 1723668271,
			"duration": 558
		},
		"22": {
			"id": "01_HKARXWOM",
			"playAt": 1723668829,
			"duration": 681
		},
		"23": {
			"id": "2BqW-ZQp3qo",
			"playAt": 1723669510,
			"duration": 127
		},
		"24": {
			"id": "UbQ2vQsJg2E",
			"playAt": 1723669637,
			"duration": 245
		},
		"25": {
			"id": "iz6X6yrOHmw",
			"playAt": 1723669882,
			"duration": 215
		},
		"26": {
			"id": "ZveO79Ny94I",
			"playAt": 1723670097,
			"duration": 161
		},
		"27": {
			"id": "08GTZyXnfDQ",
			"playAt": 1723670258,
			"duration": 2345
		},
		"28": {
			"id": "WhP78kkUOok",
			"playAt": 1723672603,
			"duration": 2420
		},
		"29": {
			"id": "_7ac5aHQt6U",
			"playAt": 1723675023,
			"duration": 1530
		},
		"30": {
			"id": "OVuWGZwvSbM",
			"playAt": 1723676553,
			"duration": 602
		},
		"31": {
			"id": "W1T_wvVnR_Q",
			"playAt": 1723677155,
			"duration": 561
		},
		"32": {
			"id": "S-VC_iZi-FI",
			"playAt": 1723677716,
			"duration": 321
		},
		"33": {
			"id": "ufT9mlQ_Rjs",
			"playAt": 1723678037,
			"duration": 582
		},
		"34": {
			"id": "LwMk6y5FReg",
			"playAt": 1723678619,
			"duration": 1425
		},
		"35": {
			"id": "Io_A3G_pQrI",
			"playAt": 1723680044,
			"duration": 2602
		},
		"36": {
			"id": "7Obdj46I36c",
			"playAt": 1723682646,
			"duration": 1187
		},
		"37": {
			"id": "KshbXQkRR-Q",
			"playAt": 1723683833,
			"duration": 3406
		},
		"38": {
			"id": "zXAazJJAex0",
			"playAt": 1723687239,
			"duration": 1325
		},
		"39": {
			"id": "b6EGxnSlTlE",
			"playAt": 1723688564,
			"duration": 638
		},
		"40": {
			"id": "cA5C5SIGECs",
			"playAt": 1723689202,
			"duration": 784
		},
		"41": {
			"id": "uO0l8BYAOeU",
			"playAt": 1723689986,
			"duration": 460
		},
		"42": {
			"id": "fUJ3EVTjMoo",
			"playAt": 1723690446,
			"duration": 558
		},
		"43": {
			"id": "01_HKARXWOM",
			"playAt": 1723691004,
			"duration": 681
		},
		"44": {
			"id": "2BqW-ZQp3qo",
			"playAt": 1723691685,
			"duration": 127
		},
		"45": {
			"id": "UbQ2vQsJg2E",
			"playAt": 1723691812,
			"duration": 245
		},
		"46": {
			"id": "iz6X6yrOHmw",
			"playAt": 1723692057,
			"duration": 215
		},
		"47": {
			"id": "ZveO79Ny94I",
			"playAt": 1723692272,
			"duration": 161
		},
		"48": {
			"id": "08GTZyXnfDQ",
			"playAt": 1723692433,
			"duration": 2345
		},
		"49": {
			"id": "WhP78kkUOok",
			"playAt": 1723694778,
			"duration": 2420
		},
		"50": {
			"id": "_7ac5aHQt6U",
			"playAt": 1723697198,
			"duration": 1530
		},
		"51": {
			"id": "OVuWGZwvSbM",
			"playAt": 1723698728,
			"duration": 602
		},
		"52": {
			"id": "W1T_wvVnR_Q",
			"playAt": 1723699330,
			"duration": 561
		},
		"53": {
			"id": "ufT9mlQ_Rjs",
			"playAt": 1723699891,
			"duration": 582
		},
		"54": {
			"id": "7Obdj46I36c",
			"playAt": 1723700473,
			"duration": 1187
		},
		"55": {
			"id": "KshbXQkRR-Q",
			"playAt": 1723701660,
			"duration": 3406
		},
		"56": {
			"id": "cA5C5SIGECs",
			"playAt": 1723705066,
			"duration": 784
		},
		"57": {
			"id": "uO0l8BYAOeU",
			"playAt": 1723705850,
			"duration": 460
		},
		"58": {
			"id": "fUJ3EVTjMoo",
			"playAt": 1723706310,
			"duration": 558
		}
	},
	"11": {
		"1": {
			"id": "09aqaUUBW4Y",
			"playAt": 1723646828,
			"duration": 607
		},
		"2": {
			"id": "4zRqABAlQLo",
			"playAt": 1723647435,
			"duration": 280
		},
		"3": {
			"id": "ArHn22uwQMU",
			"playAt": 1723647715,
			"duration": 348
		},
		"4": {
			"id": "yVoUqRlYUXs",
			"playAt": 1723648063,
			"duration": 646
		},
		"5": {
			"id": "NH35MF-Tn8M",
			"playAt": 1723648709,
			"duration": 1145
		},
		"6": {
			"id": "yUMW-o3OmPQ",
			"playAt": 1723649854,
			"duration": 342
		},
		"7": {
			"id": "QJzRFFgvPtY",
			"playAt": 1723650196,
			"duration": 893
		},
		"8": {
			"id": "-zCYFFktn50",
			"playAt": 1723651089,
			"duration": 728
		},
		"9": {
			"id": "h3FJrlnUvZk",
			"playAt": 1723651817,
			"duration": 882
		},
		"10": {
			"id": "ROcN0HXKRrE",
			"playAt": 1723652699,
			"duration": 960
		},
		"11": {
			"id": "r0GPOpFySbU",
			"playAt": 1723653659,
			"duration": 1581
		},
		"12": {
			"id": "3xdh-kxt5N8",
			"playAt": 1723655240,
			"duration": 486
		},
		"13": {
			"id": "O1-hFm-a_N4",
			"playAt": 1723655726,
			"duration": 213
		},
		"14": {
			"id": "zrufufV52WY",
			"playAt": 1723655939,
			"duration": 195
		},
		"15": {
			"id": "r1j7-FaJDws",
			"playAt": 1723656134,
			"duration": 660
		},
		"16": {
			"id": "IESed0ndjn8",
			"playAt": 1723656794,
			"duration": 1760
		},
		"17": {
			"id": "sDmfuhNJ_A8",
			"playAt": 1723658554,
			"duration": 512
		},
		"18": {
			"id": "SHqs3BccCIk",
			"playAt": 1723659066,
			"duration": 1633
		},
		"19": {
			"id": "9jpBlAiA3BM",
			"playAt": 1723660699,
			"duration": 1274
		},
		"20": {
			"id": "7b9sBwBRUgs",
			"playAt": 1723661973,
			"duration": 235
		},
		"21": {
			"id": "BbJA4irnZNU",
			"playAt": 1723662208,
			"duration": 292
		},
		"22": {
			"id": "RfC4ijzeFG0",
			"playAt": 1723662500,
			"duration": 1656
		},
		"23": {
			"id": "HliBEA6xIcw",
			"playAt": 1723664156,
			"duration": 739
		},
		"24": {
			"id": "CCKpMdqTQJ4",
			"playAt": 1723664895,
			"duration": 237
		},
		"25": {
			"id": "8tJy1pbc_QQ",
			"playAt": 1723665132,
			"duration": 1570
		},
		"26": {
			"id": "5Eg6VzMsWx8",
			"playAt": 1723666702,
			"duration": 983
		},
		"27": {
			"id": "2T7PEgMxLSA",
			"playAt": 1723667685,
			"duration": 439
		},
		"28": {
			"id": "NeaUkN38AcA",
			"playAt": 1723668124,
			"duration": 551
		},
		"29": {
			"id": "paJ5fXwR0Mw",
			"playAt": 1723668675,
			"duration": 443
		},
		"30": {
			"id": "DHZKfAkPC0U",
			"playAt": 1723669118,
			"duration": 765
		},
		"31": {
			"id": "u7I1oollANg",
			"playAt": 1723669883,
			"duration": 1589
		},
		"32": {
			"id": "ghhoIoS5Ytc",
			"playAt": 1723671472,
			"duration": 1024
		},
		"33": {
			"id": "s53Lz5NWhm4",
			"playAt": 1723672496,
			"duration": 1646
		},
		"34": {
			"id": "Xz_ecf5jYR0",
			"playAt": 1723674142,
			"duration": 999
		},
		"35": {
			"id": "09aqaUUBW4Y",
			"playAt": 1723675141,
			"duration": 607
		},
		"36": {
			"id": "4zRqABAlQLo",
			"playAt": 1723675748,
			"duration": 280
		},
		"37": {
			"id": "ArHn22uwQMU",
			"playAt": 1723676028,
			"duration": 348
		},
		"38": {
			"id": "yVoUqRlYUXs",
			"playAt": 1723676376,
			"duration": 646
		},
		"39": {
			"id": "NH35MF-Tn8M",
			"playAt": 1723677022,
			"duration": 1145
		},
		"40": {
			"id": "yUMW-o3OmPQ",
			"playAt": 1723678167,
			"duration": 342
		},
		"41": {
			"id": "QJzRFFgvPtY",
			"playAt": 1723678509,
			"duration": 893
		},
		"42": {
			"id": "-zCYFFktn50",
			"playAt": 1723679402,
			"duration": 728
		},
		"43": {
			"id": "h3FJrlnUvZk",
			"playAt": 1723680130,
			"duration": 882
		},
		"44": {
			"id": "ROcN0HXKRrE",
			"playAt": 1723681012,
			"duration": 960
		},
		"45": {
			"id": "3xdh-kxt5N8",
			"playAt": 1723681972,
			"duration": 486
		},
		"46": {
			"id": "r0GPOpFySbU",
			"playAt": 1723682458,
			"duration": 1581
		},
		"47": {
			"id": "O1-hFm-a_N4",
			"playAt": 1723684039,
			"duration": 213
		},
		"48": {
			"id": "zrufufV52WY",
			"playAt": 1723684252,
			"duration": 195
		},
		"49": {
			"id": "IESed0ndjn8",
			"playAt": 1723684447,
			"duration": 1760
		},
		"50": {
			"id": "SHqs3BccCIk",
			"playAt": 1723686207,
			"duration": 1633
		},
		"51": {
			"id": "sDmfuhNJ_A8",
			"playAt": 1723687840,
			"duration": 512
		},
		"52": {
			"id": "9jpBlAiA3BM",
			"playAt": 1723688352,
			"duration": 1274
		},
		"53": {
			"id": "7b9sBwBRUgs",
			"playAt": 1723689626,
			"duration": 235
		},
		"54": {
			"id": "CCKpMdqTQJ4",
			"playAt": 1723689861,
			"duration": 237
		},
		"55": {
			"id": "HliBEA6xIcw",
			"playAt": 1723690098,
			"duration": 739
		},
		"56": {
			"id": "5Eg6VzMsWx8",
			"playAt": 1723690837,
			"duration": 983
		},
		"57": {
			"id": "s53Lz5NWhm4",
			"playAt": 1723691820,
			"duration": 1646
		},
		"58": {
			"id": "Xz_ecf5jYR0",
			"playAt": 1723693466,
			"duration": 999
		},
		"59": {
			"id": "09aqaUUBW4Y",
			"playAt": 1723694465,
			"duration": 607
		},
		"60": {
			"id": "yUMW-o3OmPQ",
			"playAt": 1723695072,
			"duration": 342
		},
		"61": {
			"id": "-zCYFFktn50",
			"playAt": 1723695414,
			"duration": 728
		},
		"62": {
			"id": "h3FJrlnUvZk",
			"playAt": 1723696142,
			"duration": 882
		},
		"63": {
			"id": "ROcN0HXKRrE",
			"playAt": 1723697024,
			"duration": 960
		},
		"64": {
			"id": "3xdh-kxt5N8",
			"playAt": 1723697984,
			"duration": 486
		},
		"65": {
			"id": "O1-hFm-a_N4",
			"playAt": 1723698470,
			"duration": 213
		},
		"66": {
			"id": "IESed0ndjn8",
			"playAt": 1723698683,
			"duration": 1760
		},
		"67": {
			"id": "s53Lz5NWhm4",
			"playAt": 1723700443,
			"duration": 1646
		},
		"68": {
			"id": "Xz_ecf5jYR0",
			"playAt": 1723702089,
			"duration": 999
		}
	},
	"12": {
		"1": {
			"id": "9AT9Q7SWm1k",
			"playAt": 1723644302,
			"duration": 8655
		},
		"2": {
			"id": "IPAke2nPKDU",
			"playAt": 1723652957,
			"duration": 1399
		},
		"3": {
			"id": "Edbum4FDtTE",
			"playAt": 1723654356,
			"duration": 2217
		},
		"4": {
			"id": "ZgLs4fDr8aI",
			"playAt": 1723656573,
			"duration": 2778
		},
		"5": {
			"id": "TwED_Znc9XQ",
			"playAt": 1723659351,
			"duration": 3854
		},
		"6": {
			"id": "FALlhXl6CmA",
			"playAt": 1723663205,
			"duration": 1641
		},
		"7": {
			"id": "_YJ4d3MMGWI",
			"playAt": 1723664846,
			"duration": 4710
		},
		"8": {
			"id": "1PdM23qlYxU",
			"playAt": 1723669556,
			"duration": 2282
		},
		"9": {
			"id": "f6T5E8jQwnU",
			"playAt": 1723671838,
			"duration": 7643
		},
		"10": {
			"id": "ENhfIeZF_AY",
			"playAt": 1723679481,
			"duration": 2389
		},
		"11": {
			"id": "g0TCJ7ZKQaw",
			"playAt": 1723681870,
			"duration": 5570
		},
		"12": {
			"id": "1Ni13BOCiZc",
			"playAt": 1723687440,
			"duration": 5800
		},
		"13": {
			"id": "IPAke2nPKDU",
			"playAt": 1723693240,
			"duration": 1399
		},
		"14": {
			"id": "ZgLs4fDr8aI",
			"playAt": 1723694639,
			"duration": 2778
		},
		"15": {
			"id": "TwED_Znc9XQ",
			"playAt": 1723697417,
			"duration": 3854
		},
		"16": {
			"id": "FALlhXl6CmA",
			"playAt": 1723701271,
			"duration": 1641
		},
		"17": {
			"id": "_YJ4d3MMGWI",
			"playAt": 1723702912,
			"duration": 4710
		},
		"18": {
			"id": "1PdM23qlYxU",
			"playAt": 1723707622,
			"duration": 2282
		},
		"19": {
			"id": "f6T5E8jQwnU",
			"playAt": 1723709904,
			"duration": 7643
		},
		"20": {
			"id": "ENhfIeZF_AY",
			"playAt": 1723717547,
			"duration": 2389
		},
		"21": {
			"id": "g0TCJ7ZKQaw",
			"playAt": 1723719936,
			"duration": 5570
		},
		"22": {
			"id": "1Ni13BOCiZc",
			"playAt": 1723725506,
			"duration": 5800
		},
		"23": {
			"id": "IPAke2nPKDU",
			"playAt": 1723731306,
			"duration": 1399
		},
		"24": {
			"id": "ZgLs4fDr8aI",
			"playAt": 1723732705,
			"duration": 2778
		}
	}
}